{
    "gain": 0.7749999761581421,
    "height": 2048,
    "noiseType": 3,
    "octaves": 5,
    "persistence": 1.1360000371932983,
    "power": 2.328000068664551,
    "scale": 1.406000018119812,
    "width": 2048
}