{
    "gain": 0.7749999761581421,
    "height": 800,
    "noiseType": 2,
    "octaves": 5,
    "persistence": 0.6899999976158142,
    "power": 1.996000051498413,
    "scale": 1.406000018119812,
    "width": 800
}